Annual Distance (miles/vehicle),2020.0
LDVs,13495.902403235
HDVs,54182.017290175
aircraft,1127868.999070314
rail,28907.414943949
ships,205592.174113543
motorbikes,0.0
