Annual Distance (miles/vehicle),2020.0
LDVs,13899.421736157
HDVs,52124.866100994
aircraft,1301020.013206746
rail,28835.131794477
ships,210382.263876985
motorbikes,0.0
