Annual Distance (miles/vehicle),2020.0
LDVs,15365.805638738
HDVs,26204.644956547
aircraft,1537254.590056852
rail,164434.433628319
ships,281.048602187
motorbikes,3028.742507959
