Annual Distance (miles/vehicle),2020.0
LDVs,13867.114312828
HDVs,52541.377150934
aircraft,1494125.03459961
rail,29065.918454093
ships,210233.350345594
motorbikes,0.0
