Annual Distance (miles/vehicle),2020.0
LDVs,15468.852093279
HDVs,14746.322260354
aircraft,1444387.918366551
rail,164434.433628319
ships,264.331657368
motorbikes,2629.691230514
