Annual Distance (miles/vehicle),2020.0
LDVs,15400.924867033
HDVs,25996.973046423
aircraft,1338575.137777565
rail,209523.234567901
ships,281.44116656
motorbikes,3036.372997994
