Unit: dimensionless (MW-peak/MW-avg),summer,winter
LDVs,2.314947093,0.62121756
HDVs,1.053626218,0.849215222
aircraft,0.30746319,0.242091312
rail,0.30746319,0.242091312
ships,0.30746319,0.242091312
motorbikes,2.314947093,0.62121756
