solar pv dist,Hour0,Hour1,Hour2,Hour3,Hour4,Hour5,Hour6,Hour7,Hour8,Hour9,Hour10,Hour11,Hour12,Hour13,Hour14,Hour15,Hour16,Hour17,Hour18,Hour19,Hour20,Hour21,Hour22,Hour23
Winter,0,0,0,0,0,0.0,0.0170751912674821,0.1561598616899338,0.27654470605932835,0.3147045550369399,0.32920804351004157,0.3312386251199727,0.3392266246877536,0.48614462809041853,0.4680121953544936,0.36433600362724955,0.12498924749408351,0.04453973977876323,0.0,0.0,0,0,0,0
Spring,0,0,0,0,0,3.0191765381380266e-05,0.15265539224929708,0.28479680412218233,0.3507340306748336,0.3782879891860512,0.38777985647788155,0.39620971518041964,0.4007861511961236,0.519354510649748,0.509833510952725,0.46172372733763734,0.35082619501126105,0.21146736217194262,0.012083591993779442,0.0,0,0,0,0
Summer,0,0,0,0,0,0.003655352772909387,0.20893595402971002,0.3327670505179164,0.3845609235731044,0.40325833866849037,0.4145100589415833,0.41698187502905626,0.41715551268759166,0.5194818652269306,0.5071384681909813,0.47773209053579546,0.38761694636332733,0.23123270975009064,0.03345549582793517,4.2569232415126185e-05,0,0,0,0
Fall,0,0,0,0,0,0.0,0.1299372653842805,0.28766134012259337,0.3437502246798762,0.3640916422281535,0.37397516019175875,0.3763653546427051,0.37859897218443156,0.5079666491183361,0.48748063758756527,0.4220019316477882,0.22375559303104942,0.10263456626997856,0.0010457100722890027,0.0,0,0,0,0
Summer Peak,0,0,0,0,0,0.0025827201403440378,0.22386823254227375,0.3560742653866771,0.3922323473514936,0.40665659568247164,0.41294283904293166,0.4010038497149262,0.35232201159787535,0.4084596267238439,0.3936942644120657,0.38453291749914725,0.34491496515764336,0.14614297548852395,0.006286243360460017,0.0,0,0,0,0
Winter Peak,0,0,0,0,0,0.0,0.0004385751181716291,0.0912723551483846,0.1339603333170898,0.16743823400419086,0.20993128989815313,0.21490180790409824,0.2137810048243263,0.2218702792261586,0.13547098094634766,0.1594951513084158,0.042736708737390966,0.0,0.0,0.0,0,0,0,0
