solar pv,Hour0,Hour1,Hour2,Hour3,Hour4,Hour5,Hour6,Hour7,Hour8,Hour9,Hour10,Hour11,Hour12,Hour13,Hour14,Hour15,Hour16,Hour17,Hour18,Hour19,Hour20,Hour21,Hour22,Hour23
Winter,0,0,0,0,0,0.0,0.00017744902699259622,0.09512396234052573,0.37360780243970576,0.4900049573646753,0.5231543297616702,0.5256334968023293,0.5246709334182601,0.5263221543136232,0.5214351709950515,0.4953929958153601,0.3094692259847675,0.04279132412512662,0.0,0,0,0,0,0
Spring,0,0,0,0,0,0.0034871485447810287,0.1428673173629966,0.41149757979834967,0.5399664945489118,0.5850304737835962,0.6096096650316175,0.6192782533113127,0.6221234849603059,0.617646864515102,0.6058377000265743,0.5886250750839341,0.5386480785677688,0.3596004585331393,0.05564191645439407,0,0,0,0,0
Summer,0,0,0,0,0,0.007942921420765766,0.24754428086313224,0.5201356571491653,0.6219752285984002,0.6668067701855969,0.6953358791858814,0.71040041287728,0.7143828698652057,0.7070525820815057,0.6938405828091099,0.6654506472087036,0.6077316939057157,0.45293937877440377,0.1466124944184518,0,0,0,0,0
Fall,0,0,0,0,0,3.257283221769706e-06,0.05424361791887718,0.3498971224022634,0.5215932661997715,0.5707822239724318,0.5913657204915104,0.6097342644197857,0.6208773901080866,0.6192231325785319,0.6172683202983658,0.5938957850739903,0.46370856862617926,0.136907393868053,0.0005142888286816394,0,0,0,0,0
Summer Peak,0,0,0,0,0,9.81206303841739e-06,0.20552592541845024,0.5586767922656497,0.6560958601425767,0.7095053722764422,0.7329660150012983,0.7311949376228639,0.7232888678296592,0.7131137584588203,0.6833415061845023,0.660979814519949,0.5972725422272646,0.42790897513690157,0.0890984384203491,0,0,0,0,0
Winter Peak,0,0,0,0,0,0.0,0.0,0.015503059600699474,0.2018145125741689,0.37515932424236964,0.4664605708148435,0.491307167443876,0.5037096151244355,0.5262430178921611,0.5339798295979531,0.5319830747696352,0.2333063288959695,0.0,0.0,0,0,0,0,0
