Unit: dimensionless (ratio of electricity demand in this hour to annual demand),Hour0,Hour1,Hour2,Hour3,Hour4,Hour5,Hour6,Hour7,Hour8,Hour9,Hour10,Hour11,Hour12,Hour13,Hour14,Hour15,Hour16,Hour17,Hour18,Hour19,Hour20,Hour21,Hour22,Hour23
Winter,0,0,0,0,0,0.0,0.0001789790859185629,0.09723054433038637,0.39077316900717896,0.5169337912858281,0.5526482797535797,0.5550577343565876,0.5540957459619495,0.5560417215022633,0.5512251992575041,0.5240189804277776,0.3250709207047171,0.04317561325550551,0.0,0,0,0,0,0
Spring,0,0,0,0,0,0.0036683751811678357,0.1502921124478094,0.4328830531472774,0.5680284799539009,0.6154344280706192,0.6412909965504345,0.6514620600502234,0.6544551580016889,0.6497458881997837,0.6373230030362371,0.6192158403124604,0.5666415460732326,0.3782888455365116,0.0585336192974626,0,0,0,0,0
Summer,0,0,0,0,0,0.008118389014884543,0.26132878178248725,0.5529049346539204,0.6592096706767616,0.7059117316873791,0.7357749731123265,0.751152220698606,0.7547727164101539,0.7472991715701752,0.7336104115715846,0.7039815747908169,0.643695460319448,0.4800099427735156,0.15479093136479435,0,0,0,0,0
Fall,0,0,0,0,0,3.426563788530757e-06,0.05706265137691604,0.36808122834443424,0.5487003974221751,0.6004456986513977,0.6220989166897432,0.6414220713518878,0.6531443037691946,0.6514040747004443,0.6493476710915026,0.6247604683850421,0.4878074399752747,0.14402245253807278,0.0005410163492780231,0,0,0,0,0
Summer Peak,0,0,0,0,0,1.0321994622240804e-05,0.2162070798561114,0.5877111493024912,0.690193072909409,0.7463782701369213,0.7710581592786991,0.7691950392493846,0.7608780920825141,0.7501741836592504,0.7188546714767162,0.6953308457326294,0.6283127151490755,0.4501473464732325,0.0937288721672576,0,0,0,0,0
Winter Peak,0,0,0,0,0,0.0,0.0,0.016308751503140467,0.21230278539024885,0.39465630338406593,0.4907024633440166,0.5168403342261859,0.5298873354286983,0.5535917960786744,0.5617306888383111,0.5596301629326852,0.2454312271303307,0.0,0.0,0,0,0,0,0
