Unit: dimensionless (ratio of electricity demand in this hour to annual demand),Hour0,Hour1,Hour2,Hour3,Hour4,Hour5,Hour6,Hour7,Hour8,Hour9,Hour10,Hour11,Hour12,Hour13,Hour14,Hour15,Hour16,Hour17,Hour18,Hour19,Hour20,Hour21,Hour22,Hour23
Winter,0.0,0.0,0.0,0.0,0.0,0.007905673711113054,0.07790018993204433,0.055440907352659705,0.0,0.0,0.0,0.0,0.0,0.0,0.0,0.0,0.016347739748648903,0.15385381159123623,0.16146631646050713,0.07978250558383647,0.02376358477370273,0.006446853067767261,0.0,0.0
Spring,0.01972400518320125,0.019501761915495606,0.019501761915495606,0.019501761915495606,0.019525852407109502,0.019549603596024607,0.020616371281011698,0.019501761915495606,0.019501761915495606,0.019501761915495606,0.019501761915495606,0.019501761915495606,0.024035185273991965,0.028679221312292964,0.03916231749402364,0.053542983776723375,0.06927136037900604,0.17138043594664146,0.46185849428649695,0.41115717061211676,0.26901376961457446,0.09430409558743252,0.029371398817818938,0.019624928795155375
Summer,0.19227367822986355,0.1921175989884214,0.19211725968572263,0.19211725968572263,0.19211725968572263,0.19209316919410874,0.19204532751357975,0.19202123702196586,0.19202123702196586,0.19202123702196586,0.19399258570191977,0.22372160956426046,0.29498806981213554,0.3608073645336801,0.41626265832076853,0.45525193143841075,0.48566872187119303,0.5979633251537227,0.8364062609102654,0.8135650818333057,0.63525845989632,0.33071019724315526,0.22694125287305256,0.2056693487779839
Fall,0.044507658836681924,0.04185021785042292,0.041616866591086495,0.03913802119585474,0.03897477766136279,0.03893844446089594,0.04480190658694168,0.038812045862088716,0.03873989119637284,0.03873989119637284,0.03873989119637284,0.046902067920969584,0.07094492366088988,0.09104025393036883,0.10976976290342465,0.12435472834716958,0.20000045171916578,0.5854194601250596,0.6172974937853747,0.3955759290096427,0.1714722367948511,0.06188721030506777,0.05058707322465743,0.04419396514814413
Summer Peak,0.0,0.0,0.0,0.0,0.0,0.0,0.0,0.0,0.0,0.0,0.0,0.08784139708363187,0.23986257824826843,0.4396752231424858,0.5557045312305667,0.5603556926255422,0.5603556926255422,0.5603556926255422,0.7228653988150899,0.7383484595661496,0.4521927783061447,0.1798657178379129,0.0,0.0
Winter Peak,0.0,0.0,0.0,0.0,0.0,0.0,0.0,0.0,0.0,0.0,0.0,0.0,0.0,0.0,0.0,0.0,0.0,0.0,0.0,0.0,0.0,0.0,0.0,0.0
