pumped hydro,Hour0,Hour1,Hour2,Hour3,Hour4,Hour5,Hour6,Hour7,Hour8,Hour9,Hour10,Hour11,Hour12,Hour13,Hour14,Hour15,Hour16,Hour17,Hour18,Hour19,Hour20,Hour21,Hour22,Hour23
Winter,0.020499999999999997,0.021333333333333333,0.016666666666666666,0.031166666666666665,0.10400000000000001,0.19699999999999993,0.3104999999999998,0.25616666666666654,0.051000000000000004,0.013999999999999999,0.006333333333333332,0.0,0.0,0.006833333333333333,0.008666666666666666,0.03333333333333333,0.26333333333333314,0.6513333333333342,0.6918333333333341,0.6063333333333338,0.4676666666666665,0.35266666666666635,0.19799999999999993,0.12366666666666666
Spring,0.04478260869565217,0.01891304347826087,0.017826086956521738,0.026739130434782606,0.0632608695652174,0.17239130434782607,0.14173913043478265,0.017826086956521738,0.0,0.017826086956521738,0.004999999999999999,0.008913043478260869,0.07891304347826086,0.15978260869565217,0.25913043478260855,0.3378260869565215,0.3826086956521736,0.6358695652173914,0.7758695652173919,0.8093478260869574,0.7539130434782614,0.6013043478260867,0.21195652173913038,0.08021739130434784
Summer,0.0,0.0,0.0,0.0,0.0,0.0,0.0,0.0,0.0,0.0,0.0,0.019999999999999997,0.11891304347826089,0.26260869565217376,0.37130434782608673,0.4152173913043475,0.3778260869565214,0.5182608695652169,0.6854347826086957,0.745652173913044,0.6515217391304347,0.29760869565217374,0.017826086956521738,0.0
Fall,0.01344262295081967,0.001639344262295082,0.0,0.01344262295081967,0.029508196721311476,0.09606557377049182,0.13803278688524595,0.0,0.0,0.0,0.0042622950819672135,0.043934426229508196,0.119344262295082,0.16950819672131148,0.2114754098360656,0.2822950819672131,0.46196721311475386,0.7393442622950813,0.7875409836065566,0.6770491803278684,0.49245901639344225,0.21344262295081967,0.12918032786885247,0.051147540983606556
Summer Peak,0.0,0.0,0.0,0.0,0.0,0.0,0.0,0.0,0.0,0.0,0.0,0.0,0.0,0.0,0.0,0.0,0.0,0.0,0.76,0.82,0.0,0.0,0.0,0.0
Winter Peak,0.0,0.0,0.0,0.0,0.0,0.0,0.0,0.0,0.0,0.0,0.0,0.0,0.0,0.0,0.0,0.0,0.0,0.82,0.82,0.82,0.82,0.0,0.0,0.0
