solar pv,Hour0,Hour1,Hour2,Hour3,Hour4,Hour5,Hour6,Hour7,Hour8,Hour9,Hour10,Hour11,Hour12,Hour13,Hour14,Hour15,Hour16,Hour17,Hour18,Hour19,Hour20,Hour21,Hour22,Hour23
Winter,0,0,0,0,0,0.0,0.0001391547939480512,0.07459581832235311,0.2929816953465214,0.3842598634167207,0.410255464314569,0.4121996168667276,0.4114447786371685,0.412739659242327,0.40890730711141465,0.3884851409124407,0.24268448863892617,0.033556779613363084,0.0,0,0,0,0,0
Spring,0,0,0,0,0,0.0027346074838465986,0.11203596010919868,0.32269470223328006,0.4234394944917922,0.458778480854019,0.47805338109717926,0.48563544808639797,0.4878666669922454,0.48435611973147075,0.47509542172173597,0.46159735234489957,0.4224055981255899,0.28199719411756247,0.04363416103379899,0,0,0,0,0
Summer,0,0,0,0,0,0.006228806166958239,0.19412320247867537,0.40788823372159844,0.48775040496566724,0.5229071146849048,0.5452795241127779,0.5570930692038846,0.5602160955227886,0.5544677141233051,0.5441069188709944,0.521843648648398,0.4765806838979088,0.3551931897994586,0.11497291248523277,0,0,0,0,0
Fall,0,0,0,0,0,2.5543480470857678e-06,0.042537621098441475,0.2743878780069869,0.4090312847178847,0.4476050622098262,0.4637465551522605,0.4781510914226765,0.48688948455659564,0.485592222635448,0.48405926692042467,0.46573062134646365,0.36363834399505635,0.10736221272415596,0.00040330317498987533,0,0,0,0,0
Summer Peak,0,0,0,0,0,7.69457930233244e-06,0.16117258171148086,0.4381120326713788,0.5145076632745864,0.5563911820620074,0.5747889211738845,0.5734000496098134,0.567200142336959,0.5592208636004403,0.5358735863523381,0.5183376401223224,0.4683786603571035,0.33556445066436885,0.06987062735482971,0,0,0,0,0
Winter Peak,0,0,0,0,0,0.0,0.0,0.012157435297685253,0.15826210709037364,0.29419839233502965,0.365796452743233,0.3852810511815643,0.3950069994197125,0.412677600787519,0.41874477656740805,0.41717892967938347,0.1829578593612096,0.0,0.0,0,0,0,0,0
