heavy or residual fuel oil,Hour0,Hour1,Hour2,Hour3,Hour4,Hour5,Hour6,Hour7,Hour8,Hour9,Hour10,Hour11,Hour12,Hour13,Hour14,Hour15,Hour16,Hour17,Hour18,Hour19,Hour20,Hour21,Hour22,Hour23
Winter,0.0,0.0,0.0,0.0,0.0,8.626384881815725e-05,0.012183884575064401,0.010003820301329505,0.0,0.0,0.0,0.0,0.0,0.0,0.0,0.0,0.001461984707361639,0.02094850593511046,0.014248858943667992,0.0018639420948360589,0.0007745529183324729,0.0,0.0,0.0
Spring,0.01980907301028629,0.01980907301028629,0.01980907301028629,0.01980907301028629,0.01980907301028629,0.01980907301028629,0.019880870250917546,0.01980907301028629,0.01980907301028629,0.01980907301028629,0.019997942617170764,0.02065898624126642,0.022925957324183337,0.027136142156797473,0.03498802770031104,0.04145754846152122,0.05055329440895624,0.09004914401031923,0.21642581647899545,0.1838677771038554,0.11301756350853262,0.04747431796651189,0.02188824608692517,0.01980907301028629
Summer,0.08357904587809263,0.08357904587809263,0.08357904587809263,0.08357904587809263,0.08357904587809263,0.08357904587809263,0.08357904587809263,0.08357904587809263,0.08357904587809263,0.08450216821429615,0.09085877983919535,0.09697076475324241,0.10573554007889285,0.124174473175863,0.14651553518456145,0.1685628185028678,0.19390810049446344,0.27188197927636026,0.42299032075661924,0.38686545722329874,0.24172589416914705,0.10295016680605178,0.0893143878134739,0.08714291851563755
Fall,0.012664825954122433,0.012664825954122433,0.012664825954122433,0.012664825954122433,0.012664825954122433,0.012664825954122433,0.013583424831349975,0.012664825954122433,0.012664825954122433,0.012664825954122433,0.012664825954122433,0.012897556525172825,0.015788708610504555,0.020778274273527617,0.02724745686569396,0.03547969474740612,0.06451485371659395,0.23201520737670275,0.23002750243871248,0.11403535351484485,0.030201034078156403,0.012667452253969357,0.012396943369736306,0.012342801188276666
Summer Peak,0.08329390773741784,0.08329390773741784,0.08329390773741784,0.08329390773741784,0.08329390773741784,0.08329390773741784,0.08329390773741784,0.08329390773741784,0.08329390773741784,0.08329390773741784,0.10155719687291913,0.09981959648958197,0.11240179501005891,0.119031787962083,0.14354304443341367,0.16382737231265468,0.1635192871383041,0.166218113265615,0.3377106447161116,0.29525650769060424,0.11462000826538295,0.035516058899132744,0.035516058899132744,0.035516058899132744
Winter Peak,0.0,0.0,0.0,0.0,0.0,0.0,0.0,0.0,0.0,0.0,0.0,0.0,0.0,0.0,0.0,0.0,0.0,0.0,0.0,0.0,0.0,0.0,0.0,0.0
