petroleum,Hour0,Hour1,Hour2,Hour3,Hour4,Hour5,Hour6,Hour7,Hour8,Hour9,Hour10,Hour11,Hour12,Hour13,Hour14,Hour15,Hour16,Hour17,Hour18,Hour19,Hour20,Hour21,Hour22,Hour23
Winter,0.0,0.0,0.0,0.0,0.0,0.0074562446663894305,0.07061866353535041,0.04718289040903601,0.0,0.0,0.0,0.0,0.0,0.0,0.0,0.0,0.017058511042068424,0.142586666043238,0.15187650249387363,0.0726471507897801,0.020015059038220945,0.006727151027235404,0.0,0.0
Spring,0.01972400518320125,0.019501761915495606,0.019501761915495606,0.019501761915495606,0.019525852407109502,0.019549603596024607,0.020616371281011698,0.019501761915495606,0.019501761915495606,0.019501761915495606,0.019501761915495606,0.019501761915495606,0.024035185273991965,0.028679221312292964,0.03916231749402364,0.053542983776723375,0.06927136037900604,0.17138043594664146,0.46185849428649695,0.41115717061211676,0.26901376961457446,0.09430409558743252,0.029371398817818938,0.019624928795155375
Summer,0.1809676014022089,0.18080255208941956,0.18080219328656566,0.18080219328656566,0.18080219328656566,0.18077671828393949,0.18072612708154098,0.1807006520789148,0.1807006520789148,0.1807006520789148,0.18278529666001544,0.21139372460922354,0.2792318625884902,0.3376363559332821,0.3930940014390759,0.43335742249119164,0.46613729241972407,0.5772736059893075,0.8163715753559365,0.7964892328133325,0.629881639229507,0.3269307551817674,0.22364755967527336,0.20276630998743944
Fall,0.044507658836681924,0.04185021785042292,0.041616866591086495,0.03913802119585474,0.03897477766136279,0.03893844446089594,0.04480190658694168,0.038812045862088716,0.03873989119637284,0.03873989119637284,0.03873989119637284,0.046902067920969584,0.07094492366088988,0.09104025393036883,0.10976976290342465,0.12435472834716958,0.20000045171916578,0.5854194601250596,0.6172974937853747,0.3955759290096427,0.1714722367948511,0.06188721030506777,0.05058707322465743,0.04419396514814413
Summer Peak,0.0,0.0,0.0,0.0,0.0,0.0,0.0,0.0,0.0,0.0,0.0,0.08784139708363187,0.23986257824826843,0.4396752231424858,0.5557045312305667,0.5603556926255422,0.5603556926255422,0.5603556926255422,0.7228653988150899,0.7383484595661496,0.4521927783061447,0.1798657178379129,0.0,0.0
Winter Peak,0.0,0.0,0.0,0.0,0.0,0.0,0.0,0.0,0.0,0.0,0.0,0.0,0.0,0.0,0.0,0.0,0.0,0.0,0.0,0.0,0.0,0.0,0.0,0.0
