solar pv,Hour0,Hour1,Hour2,Hour3,Hour4,Hour5,Hour6,Hour7,Hour8,Hour9,Hour10,Hour11,Hour12,Hour13,Hour14,Hour15,Hour16,Hour17,Hour18,Hour19,Hour20,Hour21,Hour22,Hour23
Winter,0,0,0,0,0,0.0,0.0001797821316111863,0.09637465477675154,0.3785200079568977,0.4964475558310352,0.5300327770751811,0.5325445402713157,0.531569321077772,0.5332422522702417,0.5282910147624825,0.5019064363573712,0.3135381357595542,0.043353945615049384,0.0,0,0,0,0,0
Spring,0,0,0,0,0,0.0035329976684050075,0.14474574072566226,0.4169079611356688,0.5470659886609225,0.5927224703165352,0.6176248294375726,0.6274205405781419,0.630303181410007,0.6257677022378019,0.6138032705343628,0.5963643335322409,0.5457302381107093,0.3643284951128259,0.056373497880717514,0,0,0,0,0
Summer,0,0,0,0,0,0.008047355166985518,0.25079899978030856,0.5269744148733131,0.6301529757694349,0.6755739636810679,0.7044781741800809,0.7197407767689424,0.7237755952093334,0.7163489286030859,0.7029632176060012,0.674200010362502,0.6157221666963845,0.458894638008392,0.14854015947059648,0,0,0,0,0
Fall,0,0,0,0,0,3.3001100698937256e-06,0.054956814478139514,0.35449757925538644,0.528451188607241,0.5782868841304994,0.599141013019951,0.6177510670618751,0.6290407028688817,0.6273646951164717,0.6253841809114395,0.6017043429601664,0.46980542146035503,0.13870745599499842,0.0005210507121465541,0,0,0,0,0
Summer Peak,0,0,0,0,0,9.941072309309499e-06,0.20822818585887407,0.5660222898793869,0.6647222263023661,0.7188339681500151,0.7426030720415742,0.7408087084897438,0.7327986894765177,0.7224897974917637,0.6923260988372414,0.6696703950443249,0.6051254978080558,0.4335351339451418,0.09026990710468488,0,0,0,0,0
Winter Peak,0,0,0,0,0,0.0,0.0,0.015706894248709004,0.20446797525787777,0.38009192921029394,0.47259360704841885,0.49776688740366787,0.510332402802635,0.5331620753609644,0.5410006108768548,0.5389776026619104,0.23637384683460658,0.0,0.0,0,0,0,0,0
