natural gas steam turbine,Hour0,Hour1,Hour2,Hour3,Hour4,Hour5,Hour6,Hour7,Hour8,Hour9,Hour10,Hour11,Hour12,Hour13,Hour14,Hour15,Hour16,Hour17,Hour18,Hour19,Hour20,Hour21,Hour22,Hour23
Winter,0.0,0.0,0.0,0.0,0.0,0.00021744615145878688,0.0307120404081505,0.025216730463706323,0.0,0.0,0.0,0.0,0.0,0.0,0.0,0.0,0.003685239558201528,0.05280510963524885,0.03591724207102109,0.004698457588166633,0.001952423332601381,0.0,0.0,0.0
Spring,0.04993292959989325,0.04993292959989325,0.04993292959989325,0.04993292959989325,0.04993292959989325,0.04993292959989325,0.050113909626573215,0.04993292959989325,0.04993292959989325,0.04993292959989325,0.05040901511783872,0.0520753144306479,0.05778969124320769,0.06840234650174983,0.08819467337474853,0.10450245943555052,0.12743019774091927,0.22698778312660348,0.5455467326630299,0.46347735530320944,0.28488450919902303,0.11966899085049743,0.05517392208893562,0.04993292959989325
Summer,0.21067854168087252,0.21067854168087252,0.21067854168087252,0.21067854168087252,0.21067854168087252,0.21067854168087252,0.21067854168087252,0.21067854168087252,0.21067854168087252,0.2130054654395867,0.22902864030471723,0.24443518215906074,0.2665286394888068,0.31300784362673156,0.36932318336463416,0.42489799220249513,0.48878609947125096,0.6853356400694051,0.95,0.95,0.6093208929944179,0.25950752106140856,0.22513567579017676,0.2196620312879384
Fall,0.031924354180213936,0.031924354180213936,0.031924354180213936,0.031924354180213936,0.031924354180213936,0.031924354180213936,0.03423987561038514,0.031924354180213936,0.031924354180213936,0.031924354180213936,0.031924354180213936,0.03251100047173741,0.03979875661582804,0.05237600497350748,0.06868293860819896,0.08943402344612429,0.16262324072940246,0.5848430671152388,0.5798326392833817,0.28745006270605855,0.07612805039819305,0.03193097432065648,0.031249099855074944,0.031112623113644135
Summer Peak,0.20995979110142007,0.20995979110142007,0.20995979110142007,0.20995979110142007,0.20995979110142007,0.20995979110142007,0.20995979110142007,0.20995979110142007,0.20995979110142007,0.20995979110142007,0.25599624773883756,0.2516162609737391,0.2833323353507993,0.3000446252772032,0.36183039602742134,0.41296130535615905,0.4121847119580919,0.41898767012515964,0.8512706192252281,0.7442560489715823,0.2889238078168824,0.08952568692917483,0.08952568692917483,0.08952568692917483
Winter Peak,0.0,0.0,0.0,0.0,0.0,0.0,0.0,0.0,0.0,0.0,0.0,0.0,0.0,0.0,0.0,0.0,0.0,0.0,0.0,0.0,0.0,0.0,0.0,0.0
